{
  "entry_opportunities": {
    "1": {
      "sample_size": 140384,
      "avg_max_return": 373.4399671616143,
      "median_max_return": 73.42883446342535,
      "avg_eventual_return": -93.81453700925962,
      "median_eventual_return": -98.54552564179178,
      "rug_rate": 96.37636767722817,
      "profit_achievement": {
        "10%": 82.1389901983132,
        "25%": 72.47620811488488,
        "50%": 59.7261796216093,
        "100%": 43.81197287440164,
        "200%": 26.78082972418509
      },
      "best_return": 86557.01125111806,
      "worst_return": -99.96831173795296
    },
    "2": {
      "sample_size": 5459,
      "avg_max_return": 297.891622799719,
      "median_max_return": 72.62469925031654,
      "avg_eventual_return": -97.41223711519325,
      "median_eventual_return": -99.2076588688051,
      "rug_rate": 98.11320754716981,
      "profit_achievement": {
        "10%": 79.86810771203517,
        "25%": 69.53654515479025,
        "50%": 57.647920864627224,
        "100%": 42.15057702875985,
        "200%": 25.810588019783843
      },
      "best_return": 40719.92854033851,
      "worst_return": -99.91680654209442
    },
    "5": {
      "sample_size": 1847,
      "avg_max_return": 329.817696204299,
      "median_max_return": 48.40540576739409,
      "avg_eventual_return": -96.07167987419493,
      "median_eventual_return": -99.63474584218127,
      "rug_rate": 96.58906334596644,
      "profit_achievement": {
        "10%": 79.85923118570655,
        "25%": 65.51164049810504,
        "50%": 48.34867352463454,
        "100%": 30.75257173795344,
        "200%": 16.080129940443964
      },
      "best_return": 17236.753139317538,
      "worst_return": -99.96642258092795
    },
    "10": {
      "sample_size": 527,
      "avg_max_return": 166.35328321704955,
      "median_max_return": 28.98319680805984,
      "avg_eventual_return": -98.88457846133598,
      "median_eventual_return": -99.81228977290232,
      "rug_rate": 98.4819734345351,
      "profit_achievement": {
        "10%": 77.41935483870968,
        "25%": 53.13092979127134,
        "50%": 39.84819734345351,
        "100%": 29.98102466793169,
        "200%": 19.54459203036053
      },
      "best_return": 8121.930227486301,
      "worst_return": -99.9832544232047
    },
    "25": {
      "sample_size": 271,
      "avg_max_return": 814.4628124626315,
      "median_max_return": 427.2256466842541,
      "avg_eventual_return": -99.94176955045455,
      "median_eventual_return": -99.94412737120996,
      "rug_rate": 100.0,
      "profit_achievement": {
        "10%": 83.39483394833948,
        "25%": 76.75276752767527,
        "50%": 74.53874538745387,
        "100%": 68.63468634686348,
        "200%": 58.30258302583026
      },
      "best_return": 3367.9877041981085,
      "worst_return": -99.98403166639072
    },
    "50": {
      "sample_size": 125,
      "avg_max_return": 205.79928300899613,
      "median_max_return": 186.310427615892,
      "avg_eventual_return": -99.96995572956622,
      "median_eventual_return": -99.96579217746587,
      "rug_rate": 100.0,
      "profit_achievement": {
        "10%": 90.4,
        "25%": 86.4,
        "50%": 75.2,
        "100%": 75.2,
        "200%": 29.599999999999998
      },
      "best_return": 1608.9481411526488,
      "worst_return": -99.9866962240257
    },
    "100": {
      "sample_size": 77,
      "avg_max_return": 94.54438699712043,
      "median_max_return": 32.477659754768816,
      "avg_eventual_return": -99.98655107141289,
      "median_eventual_return": -99.98687897618744,
      "rug_rate": 100.0,
      "profit_achievement": {
        "10%": 93.5064935064935,
        "25%": 59.74025974025974,
        "50%": 36.36363636363637,
        "100%": 9.090909090909092,
        "200%": 9.090909090909092
      },
      "best_return": 730.5124311369609,
      "worst_return": -99.99334471619231
    },
    "250": {
      "sample_size": 1,
      "avg_max_return": 236.36576372257457,
      "median_max_return": 236.36576372257457,
      "avg_eventual_return": -99.99446583467177,
      "median_eventual_return": -99.99446583467177,
      "rug_rate": 100.0,
      "profit_achievement": {
        "10%": 100.0,
        "25%": 100.0,
        "50%": 100.0,
        "100%": 100.0,
        "200%": 100.0
      },
      "best_return": 236.36576372257457,
      "worst_return": -99.99446583467177
    },
    "500": {
      "sample_size": 32,
      "avg_max_return": 66.98585670682269,
      "median_max_return": 67.68239699429024,
      "avg_eventual_return": -99.99725261177517,
      "median_eventual_return": -99.99724115172326,
      "rug_rate": 100.0,
      "profit_achievement": {
        "10%": 100.0,
        "25%": 100.0,
        "50%": 100.0,
        "100%": 0.0,
        "200%": 0.0
      },
      "best_return": 73.1009873021477,
      "worst_return": -99.99739863357573
    }
  },
  "volatility_patterns": {
    "1-10x": {
      "avg_volatility": 1.5438184976772191,
      "p90_volatility": 2.414343041163364,
      "avg_drawdown": 7.994196192280255,
      "max_drawdown": 87.37274479625052,
      "recovery_rate": 91.05959369167095,
      "rug_rate": 8.558083335587597
    },
    "10-50x": {
      "avg_volatility": 3.8529565060995044,
      "p90_volatility": 16.606300885362614,
      "avg_drawdown": 17.576809868898344,
      "max_drawdown": 81.87621491978724,
      "recovery_rate": 85.2433628318584,
      "rug_rate": 14.469026548672566
    },
    "200-1000x": {
      "avg_volatility": 3.9394110910524756,
      "p90_volatility": 6.13566046557036,
      "avg_drawdown": 13.845981765581575,
      "max_drawdown": 45.13473079634734,
      "recovery_rate": 100.0,
      "rug_rate": 0.0
    },
    "50-200x": {
      "avg_volatility": 4.305233655792803,
      "p90_volatility": 15.455983545915705,
      "avg_drawdown": 25.51445302212864,
      "max_drawdown": 64.13038003929925,
      "recovery_rate": 87.2340425531915,
      "rug_rate": 12.76595744680851
    }
  },
  "survival_curves": {
    "1-10x": {
      "20_ticks": 99.49041586210144,
      "50_ticks": 99.42817580388737,
      "100_ticks": 99.2456023916657,
      "200_ticks": 98.91451559506015
    },
    "10-50x": {
      "20_ticks": 98.68035190615836,
      "50_ticks": 98.72668048563814,
      "100_ticks": 98.86051080550098,
      "200_ticks": 98.79154078549848
    },
    "200-1000x": {
      "20_ticks": 98.96373056994818,
      "50_ticks": 98.77300613496932,
      "100_ticks": 98.23008849557522,
      "200_ticks": 100.0
    },
    "50-200x": {
      "20_ticks": 99.34426229508196,
      "50_ticks": 98.99623588456713,
      "100_ticks": 99.17491749174917,
      "200_ticks": 98.38274932614556
    }
  },
  "profit_distributions": {
    "1": {
      "sample_size": 140384,
      "achievement_rates": {
        "10%": 82.1389901983132,
        "25%": 72.47620811488488,
        "50%": 59.7261796216093,
        "100%": 43.81197287440164,
        "200%": 26.78082972418509
      },
      "avg_return": 373.4399671616143
    },
    "5": {
      "sample_size": 1847,
      "achievement_rates": {
        "10%": 79.85923118570655,
        "25%": 65.51164049810504,
        "50%": 48.34867352463454,
        "100%": 30.75257173795344,
        "200%": 16.080129940443964
      },
      "avg_return": 329.817696204299
    },
    "10": {
      "sample_size": 527,
      "achievement_rates": {
        "10%": 77.41935483870968,
        "25%": 53.13092979127134,
        "50%": 39.84819734345351,
        "100%": 29.98102466793169,
        "200%": 19.54459203036053
      },
      "avg_return": 166.35328321704955
    },
    "25": {
      "sample_size": 271,
      "achievement_rates": {
        "10%": 83.39483394833948,
        "25%": 76.75276752767527,
        "50%": 74.53874538745387,
        "100%": 68.63468634686348,
        "200%": 58.30258302583026
      },
      "avg_return": 814.4628124626315
    },
    "50": {
      "sample_size": 125,
      "achievement_rates": {
        "10%": 90.4,
        "25%": 86.4,
        "50%": 75.2,